<?xml version="1.0" encoding="UTF-8"?>
<metadata xml:lang="en"><Esri><CreaDate>20190409</CreaDate><CreaTime>10553700</CreaTime><ArcGISFormat>1.0</ArcGISFormat><SyncOnce>TRUE</SyncOnce><DataProperties><lineage><Process ToolSource="d:\program files (x86)\arcgis\desktop10.4\ArcToolbox\Toolboxes\Data Management Tools.tbx\CreateFeatureclass" Date="20190409" Time="105537">CreateFeatureclass I:\BookLabs\Lab3\Output MC_Assaults.shp POINT # DISABLED DISABLED "PROJCS['Greek_Grid',GEOGCS['GCS_GGRS_1987',DATUM['D_GGRS_1987',SPHEROID['GRS_1980',6378137.0,298.257222101]],PRIMEM['Greenwich',0.0],UNIT['Degree',0.0174532925199433]],PROJECTION['Transverse_Mercator'],PARAMETER['False_Easting',500000.0],PARAMETER['False_Northing',0.0],PARAMETER['Central_Meridian',24.0],PARAMETER['Scale_Factor',0.9996],PARAMETER['Latitude_Of_Origin',0.0],UNIT['Meter',1.0]];-5120900 -9998100 450445547.391054;-100000 10000;-100000 10000;0.001;0.001;0.001;IsHighPrecision" # 0 0 0</Process><Process ToolSource="d:\program files (x86)\arcgis\desktop10.4\ArcToolbox\Toolboxes\Data Management Tools.tbx\AddField" Date="20190409" Time="105537">AddField I:\BookLabs\Lab3\Output\MC_Assaults.shp XCoord DOUBLE # # # # NULLABLE NON_REQUIRED #</Process><Process ToolSource="d:\program files (x86)\arcgis\desktop10.4\ArcToolbox\Toolboxes\Data Management Tools.tbx\AddField" Date="20190409" Time="105538">AddField I:\BookLabs\Lab3\Output\MC_Assaults.shp YCoord DOUBLE # # # # NULLABLE NON_REQUIRED #</Process><Process ToolSource="d:\program files (x86)\arcgis\desktop10.4\ArcToolbox\Toolboxes\Spatial Statistics Tools.tbx\MeanCenter" Date="20190409" Time="105538">MeanCenter Assaults I:\BookLabs\Lab3\Output\MC_Assaults.shp # # #</Process></lineage></DataProperties></Esri></metadata>
