<?xml version="1.0" encoding="UTF-8"?>
<metadata xml:lang="en"><Esri><CreaDate>20190409</CreaDate><CreaTime>12415200</CreaTime><ArcGISFormat>1.0</ArcGISFormat><SyncOnce>TRUE</SyncOnce><DataProperties><lineage><Process ToolSource="d:\program files (x86)\arcgis\desktop10.4\ArcToolbox\Toolboxes\Data Management Tools.tbx\CreateTable" Date="20190409" Time="124152">CreateTable I:\BookLabs\Lab3\Output RipleyTableAssaults.dbf # #</Process><Process ToolSource="d:\program files (x86)\arcgis\desktop10.4\ArcToolbox\Toolboxes\Data Management Tools.tbx\AddField" Date="20190409" Time="124152">AddField I:\BookLabs\Lab3\Output\RipleyTableAssaults.dbf ExpectedK DOUBLE # # # # NULLABLE NON_REQUIRED #</Process><Process ToolSource="d:\program files (x86)\arcgis\desktop10.4\ArcToolbox\Toolboxes\Data Management Tools.tbx\AddField" Date="20190409" Time="124152">AddField I:\BookLabs\Lab3\Output\RipleyTableAssaults.dbf ObservedK DOUBLE # # # # NULLABLE NON_REQUIRED #</Process><Process ToolSource="d:\program files (x86)\arcgis\desktop10.4\ArcToolbox\Toolboxes\Data Management Tools.tbx\AddField" Date="20190409" Time="124152">AddField I:\BookLabs\Lab3\Output\RipleyTableAssaults.dbf DiffK DOUBLE # # # # NULLABLE NON_REQUIRED #</Process><Process ToolSource="d:\program files (x86)\arcgis\desktop10.4\ArcToolbox\Toolboxes\Data Management Tools.tbx\AddField" Date="20190409" Time="124152">AddField I:\BookLabs\Lab3\Output\RipleyTableAssaults.dbf LwConfEnv DOUBLE # # # # NULLABLE NON_REQUIRED #</Process><Process ToolSource="d:\program files (x86)\arcgis\desktop10.4\ArcToolbox\Toolboxes\Data Management Tools.tbx\AddField" Date="20190409" Time="124152">AddField I:\BookLabs\Lab3\Output\RipleyTableAssaults.dbf HiConfEnv DOUBLE # # # # NULLABLE NON_REQUIRED #</Process><Process ToolSource="d:\program files (x86)\arcgis\desktop10.4\ArcToolbox\Toolboxes\Spatial Statistics Tools.tbx\MultiDistanceSpatialClustering" Date="20190409" Time="124153">MultiDistanceSpatialClustering Assaults I:\BookLabs\Lab3\Output\RipleyTableAssaults.dbf 10 99_PERMUTATIONS DISPLAY_IT # # # SIMULATE_OUTER_BOUNDARY_VALUES USER_PROVIDED_STUDY_AREA_FEATURE_CLASS Boundaries</Process></lineage></DataProperties></Esri></metadata>
