<?xml version="1.0" encoding="UTF-8"?>
<metadata xml:lang="en"><Esri><CreaDate>20190415</CreaDate><CreaTime>11500700</CreaTime><ArcGISFormat>1.0</ArcGISFormat><SyncOnce>TRUE</SyncOnce><DataProperties><lineage><Process ToolSource="d:\program files (x86)\arcgis\desktop10.4\ArcToolbox\Toolboxes\Data Management Tools.tbx\CreateTable" Date="20190415" Time="115007">CreateTable I:\BookLabs\Lab4\Output CityWeights.dbf # #</Process><Process ToolSource="d:\program files (x86)\arcgis\desktop10.4\ArcToolbox\Toolboxes\Data Management Tools.tbx\AddField" Date="20190415" Time="115007">AddField I:\BookLabs\Lab4\Output\CityWeights.dbf POSTCODE LONG # # # # NULLABLE NON_REQUIRED #</Process><Process ToolSource="d:\program files (x86)\arcgis\desktop10.4\ArcToolbox\Toolboxes\Data Management Tools.tbx\AddField" Date="20190415" Time="115007">AddField I:\BookLabs\Lab4\Output\CityWeights.dbf NID LONG # # # # NULLABLE NON_REQUIRED #</Process><Process ToolSource="d:\program files (x86)\arcgis\desktop10.4\ArcToolbox\Toolboxes\Data Management Tools.tbx\AddField" Date="20190415" Time="115007">AddField I:\BookLabs\Lab4\Output\CityWeights.dbf WEIGHT DOUBLE # # # # NULLABLE NON_REQUIRED #</Process><Process ToolSource="d:\program files (x86)\arcgis\desktop10.4\ArcToolbox\Toolboxes\Spatial Statistics Tools.tbx\ConvertSpatialWeightsMatrixtoTable" Date="20190415" Time="115008">ConvertSpatialWeightsMatrixtoTable I:\BookLabs\Lab4\Output\CityWeights.swm I:\BookLabs\Lab4\Output\CityWeights.dbf</Process></lineage></DataProperties></Esri></metadata>
