<?xml version="1.0" encoding="UTF-8"?>
<metadata xml:lang="en"><Esri><CreaDate>20190415</CreaDate><CreaTime>11242700</CreaTime><ArcGISFormat>1.0</ArcGISFormat><SyncOnce>TRUE</SyncOnce><DataProperties><lineage><Process ToolSource="d:\program files (x86)\arcgis\desktop10.4\ArcToolbox\Toolboxes\Data Management Tools.tbx\CreateTable" Date="20190415" Time="112427">CreateTable I:\BookLabs\Lab4\Output Increment.dbf # #</Process><Process ToolSource="d:\program files (x86)\arcgis\desktop10.4\ArcToolbox\Toolboxes\Data Management Tools.tbx\AddField" Date="20190415" Time="112428">AddField I:\BookLabs\Lab4\Output\Increment.dbf Distance DOUBLE # # # # NULLABLE NON_REQUIRED #</Process><Process ToolSource="d:\program files (x86)\arcgis\desktop10.4\ArcToolbox\Toolboxes\Data Management Tools.tbx\AddField" Date="20190415" Time="112428">AddField I:\BookLabs\Lab4\Output\Increment.dbf MoransI DOUBLE # # # # NULLABLE NON_REQUIRED #</Process><Process ToolSource="d:\program files (x86)\arcgis\desktop10.4\ArcToolbox\Toolboxes\Data Management Tools.tbx\AddField" Date="20190415" Time="112428">AddField I:\BookLabs\Lab4\Output\Increment.dbf ExpectedI DOUBLE # # # # NULLABLE NON_REQUIRED #</Process><Process ToolSource="d:\program files (x86)\arcgis\desktop10.4\ArcToolbox\Toolboxes\Data Management Tools.tbx\AddField" Date="20190415" Time="112428">AddField I:\BookLabs\Lab4\Output\Increment.dbf Variance DOUBLE # # # # NULLABLE NON_REQUIRED #</Process><Process ToolSource="d:\program files (x86)\arcgis\desktop10.4\ArcToolbox\Toolboxes\Data Management Tools.tbx\AddField" Date="20190415" Time="112428">AddField I:\BookLabs\Lab4\Output\Increment.dbf z_score DOUBLE # # # # NULLABLE NON_REQUIRED #</Process><Process ToolSource="d:\program files (x86)\arcgis\desktop10.4\ArcToolbox\Toolboxes\Data Management Tools.tbx\AddField" Date="20190415" Time="112428">AddField I:\BookLabs\Lab4\Output\Increment.dbf p_value DOUBLE # # # # NULLABLE NON_REQUIRED #</Process><Process ToolSource="d:\program files (x86)\arcgis\desktop10.4\ArcToolbox\Toolboxes\Spatial Statistics Tools.tbx\IncrementalSpatialAutocorrelation" Date="20190415" Time="112435">IncrementalSpatialAutocorrelation City Income 10 # # EUCLIDEAN ROW_STANDARDIZATION I:\BookLabs\Lab4\Output\Increment.dbf I:\BookLabs\Lab4\Output\Increment.pdf</Process></lineage></DataProperties></Esri></metadata>
