<?xml version="1.0" encoding="UTF-8"?>
<metadata xml:lang="el"><Esri><CreaDate>20190403</CreaDate><CreaTime>09313700</CreaTime><ArcGISFormat>1.0</ArcGISFormat><SyncOnce>TRUE</SyncOnce><DataProperties><lineage><Process ToolSource="c:\program files (x86)\arcgis\desktop10.2\ArcToolbox\Toolboxes\Data Management Tools.tbx\CalculateField" Date="20170204" Time="141700">CalculateField Athens Rent [Rent1] VB #</Process><Process ToolSource="c:\program files (x86)\arcgis\desktop10.2\ArcToolbox\Toolboxes\Data Management Tools.tbx\CalculateField" Date="20170206" Time="105737">CalculateField Athens Regime 2 VB #</Process><Process ToolSource="d:\program files (x86)\arcgis\desktop10.4\ArcToolbox\Toolboxes\Data Management Tools.tbx\CalculateField" Date="20180320" Time="092806">CalculateField City Expenses [Medical_Ex] VB #</Process><Process ToolSource="d:\program files (x86)\arcgis\desktop10.4\ArcToolbox\Toolboxes\Data Management Tools.tbx\CalculateField" Date="20180327" Time="115556">CalculateField City ZScore ([Income]- 16317 )/4975.6 VB #</Process><Process ToolSource="d:\program files (x86)\arcgis\desktop10.4\ArcToolbox\Toolboxes\Data Management Tools.tbx\DeleteField" Date="20180507" Time="104743">DeleteField City HH_Rooms;HH_Rooms1_;HH_Rooms4_;HH_Rooms6;Children_0;Children_1;Children_2;Children_3;Employers;Payrole;Executives;Scientists;Technician;Employees;Operators;Unskilled;Skilled;Army;WorkHour40;ZScore</Process><Process ToolSource="d:\program files (x86)\arcgis\desktop10.4\ArcToolbox\Toolboxes\Data Management Tools.tbx\CalculateField" Date="20180507" Time="110239">CalculateField City Density "[Population]/ [Area]" VB #</Process><Process ToolSource="d:\program files (x86)\arcgis\desktop10.4\ArcToolbox\Toolboxes\Data Management Tools.tbx\CalculateField" Date="20180613" Time="180017">CalculateField City Regimes 2 VB #</Process><Process ToolSource="d:\program files (x86)\arcgis\desktop10.4\ArcToolbox\Toolboxes\Data Management Tools.tbx\CalculateField" Date="20180905" Time="102038">CalculateField ZScoreCity ZScore "([Income]- 16317 )/4975.6   " VB #</Process></lineage><itemProps><itemLocation><linkage Sync="TRUE">file://\\DESKTOP-29PU6O8\I$\BookLabs\Lab1\GeoDa\City</linkage><protocol Sync="TRUE">Local Area Network</protocol></itemLocation></itemProps><copyHistory><copy source="I:\BookLabs\Data\City" dest="\\DESKTOP-29PU6O8\I$\BookLabs\Lab1\GeoDa\City" date="20190403" time="09313700"></copy></copyHistory></DataProperties></Esri></metadata>
