<?xml version="1.0" encoding="UTF-8"?>
<metadata xml:lang="en"><Esri><CreaDate>20190424</CreaDate><CreaTime>06590900</CreaTime><ArcGISFormat>1.0</ArcGISFormat><SyncOnce>TRUE</SyncOnce><DataProperties><itemProps><itemLocation><linkage Sync="TRUE">file://\\DESKTOP-I1BLSEA\E$\BookLabs\Lab6\Solved\GWR</linkage><protocol Sync="TRUE">Local Area Network</protocol></itemLocation></itemProps><copyHistory><copy source="E:\BookLabs\Lab6\Output\GWR" dest="\\DESKTOP-I1BLSEA\E$\BookLabs\Lab6\Solved\GWR" date="20190424" time="06590900"></copy></copyHistory></DataProperties></Esri><ga><model name="GWR"><dataset Label="Dataset" ParamName="dataset1" dataset-type="GWR"/><dataset Label="Barrier Features" ParamName="featureBarriers" dataset-type="DSF" optional="true"/><enum name="KernelType">Quartic</enum><enum name="ResultType">COEFFICIENT_ERROR</enum><enum name="ModelOptimization">Optimization_AICc</enum><value name="Bandwidth" auto="true">-1</value><value name="ConditionNumberThreshold">30</value><model name="NeighbourSearch"><enum name="Type">Standard</enum><value name="NeighboursMax" auto="true">85</value><value name="NeighboursMin" auto="true">85</value><enum name="SectorType">One</enum><value name="MajorSemiaxis" auto="true">0</value><value name="MinorSemiaxis" auto="true">-1</value><value name="Angle">0</value></model>
			<value name="CuttingProportion">0.05</value><value name="Coeff1">0</value></model>
		<method type="global_stats"><value name="Neighbors">85</value><value name="ResidualSquares">80628.53040530131</value><value name="EffectiveNumber">7.341514060749214</value><value name="Sigma">31.23206134693994</value><value name="AICc">882.6886716635029</value><value name="R2">0.8869348981702184</value><value name="R2Adjusted">0.8782606050848048</value><value name="Dependent Field" desc="Expenses">0</value><value name="Explanatory Field" desc="University">1</value><value name="Explanatory Field" desc="Income">2</value><value name="Explanatory Field" desc="Rent">3</value></method></ga></metadata>
