<?xml version="1.0" encoding="UTF-8"?>
<metadata xml:lang="en"><Esri><CreaDate>20190424</CreaDate><CreaTime>06591500</CreaTime><ArcGISFormat>1.0</ArcGISFormat><SyncOnce>TRUE</SyncOnce><DataProperties><itemProps><itemLocation><linkage Sync="TRUE">file://\\DESKTOP-I1BLSEA\E$\BookLabs\Lab6\Solved\GWR_supp</linkage><protocol Sync="TRUE">Local Area Network</protocol></itemLocation></itemProps><copyHistory><copy source="E:\BookLabs\Lab6\Output\GWR_supp" dest="\\DESKTOP-I1BLSEA\E$\BookLabs\Lab6\Solved\GWR_supp" date="20190424" time="06591500"></copy></copyHistory></DataProperties></Esri></metadata>
