<?xml version="1.0" encoding="UTF-8"?>
<metadata xml:lang="el"><Esri><CreaDate>20180313</CreaDate><CreaTime>13033600</CreaTime><ArcGISFormat>1.0</ArcGISFormat><SyncOnce>TRUE</SyncOnce><DataProperties><lineage><Process ToolSource="c:\program files (x86)\arcgis\desktop10.2\ArcToolbox\Toolboxes\Data Management Tools.tbx\CalculateField" Date="20170204" Time="141700">CalculateField Athens Rent [Rent1] VB #</Process><Process ToolSource="c:\program files (x86)\arcgis\desktop10.2\ArcToolbox\Toolboxes\Data Management Tools.tbx\CalculateField" Date="20170206" Time="105737">CalculateField Athens Regime 2 VB #</Process><Process ToolSource="d:\program files (x86)\arcgis\desktop10.4\ArcToolbox\Toolboxes\Data Management Tools.tbx\DeleteField" Date="20180313" Time="130921">DeleteField Downtown PostCode;Population;Density;Foreigners;Africa;EX_USSR;Asia;Australia;Balcans;USA;Middle_Eas;Houses;Density_Ho;Owners;HH_Members;HH_Rooms;HH_Rooms1_;HH_Rooms4_;HH_Rooms6;Children_0;Children_1;Children_2;Children_3;Illiteral;PrimaryEdu;SecondaryE;University;Phd_Master;Unemployed;Employers;Payrole;Executives;Scientists;Technician;Employees;Operators;Unskilled;Skilled;Army;WorkHour40;Income;Medical_Ex;Insurance;Loans;Receipts;DebitCards;Rent</Process></lineage><itemProps><itemLocation><linkage Sync="TRUE">file://\\DESKTOP-SEVJ2FV\E$\(B)\BookLabs\Lab1\OriginalData\Athens</linkage><protocol Sync="TRUE">Local Area Network</protocol></itemLocation></itemProps><copyHistory><copy source="D:\(B)\(B) BOOKGIS\DATAshp\Athens" dest="\\DESKTOP-SEVJ2FV\E$\(B)\BookLabs\Lab1\OriginalData\Athens" date="20180310" time="11503000"></copy></copyHistory></DataProperties></Esri></metadata>
