<?xml version="1.0" encoding="UTF-8"?>
<metadata xml:lang="en"><Esri><CreaDate>20180916</CreaDate><CreaTime>13590600</CreaTime><ArcGISFormat>1.0</ArcGISFormat><SyncOnce>TRUE</SyncOnce><DataProperties><itemProps><itemLocation><linkage Sync="TRUE">file://\\DESKTOP-I1BLSEA\F$\BookLabs\Data\Burglaries</linkage><protocol Sync="TRUE">Local Area Network</protocol></itemLocation></itemProps><copyHistory><copy source="C:\(A)\BookLabs\Data\Burglaries" dest="\\DESKTOP-I1BLSEA\F$\BookLabs\Data\Burglaries" date="20180916" time="13590600"></copy></copyHistory></DataProperties></Esri></metadata>
