<?xml version="1.0" encoding="UTF-8"?>
<metadata xml:lang="en"><Esri><CreaDate>20180916</CreaDate><CreaTime>04390700</CreaTime><ArcGISFormat>1.0</ArcGISFormat><SyncOnce>TRUE</SyncOnce><DataProperties><itemProps><itemLocation><linkage Sync="TRUE">file://\\DESKTOP-I1BLSEA\F$\BookLabs\Data\Crime</linkage><protocol Sync="TRUE">Local Area Network</protocol></itemLocation></itemProps><copyHistory><copy source="F:\BookLabs\Lab4\Output\Crime" dest="\\DESKTOP-I1BLSEA\F$\BookLabs\Data\Crime" date="20180916" time="04390700"></copy></copyHistory></DataProperties></Esri></metadata>
