<?xml version="1.0" encoding="UTF-8"?>
<metadata xml:lang="en"><Esri><CreaDate>20190409</CreaDate><CreaTime>13023100</CreaTime><ArcGISFormat>1.0</ArcGISFormat><SyncOnce>TRUE</SyncOnce><DataProperties><lineage><Process ToolSource="d:\program files (x86)\arcgis\desktop10.4\ArcToolbox\Toolboxes\Spatial Analyst Tools.tbx\KernelDensity" Date="20190409" Time="130231">KernelDensity Assaults NONE I:\BookLabs\Lab3\Output\KDEAssault1km 16.6963000592673 1000 SQUARE_KILOMETERS DENSITIES PLANAR</Process></lineage></DataProperties></Esri></metadata>
